{"cameraMode":{"drawMode":0,"name":"Shaded","section":"Shading Mode"},"sceneLighting":false,"audioPlay":false,"sceneViewState":{"showFog":true,"showMaterialUpdate":false,"showSkybox":false,"showFlares":true,"showImageEffects":true,"showParticleSystems":true},"in2DMode":false,"pivot":{"x":0.0,"y":0.29554831981658938,"z":0.04118219017982483},"rotation":{"x":-0.013324943371117115,"y":0.8361063003540039,"z":-0.020329542458057405,"w":-0.5480284094810486},"size":2.997631549835205,"orthographic":false}